outcome,0-0,0-1,0-2,1-0,1-1,1-2,2-0,2-1,2-2,3-0,3-1,3-2
ball,0.038282763252287494,0.029690122601512867,0.02484103675462238,0.06560034094519902,0.054514931496056955,0.04475962941377679,0.11657978206556967,0.10855797706843075,0.09507794994060642,0.1334025970292847,0.195284407399095,0.2789979960925335
called_strike,-0.04029851249247736,-0.05682195268606932,-0.17464258530450208,-0.04940000581841986,-0.06278026232371688,-0.186320617604359,-0.06144451543843533,-0.07381943683048868,-0.22454538739464483,-0.07050204816265494,-0.08898377701540909,-0.31701709436510855
swinging_strike,-0.04032259604052573,-0.05685095305532424,-0.18107591557004443,-0.049406092628765295,-0.06279878481747662,-0.1948977965358756,-0.061485436702666464,-0.07382917373271804,-0.23388612955790158,-0.0705553238052968,-0.0890487437687361,-0.3254235463744705
foul,-0.040321065536914315,-0.05682529537849428,-1.2732812194280882e-07,-0.04940770573719282,-0.06277971070786455,1.8870854520747125e-05,-0.061497556389745696,-0.0737690841299855,3.506012923872868e-05,-0.07058145868545143,-0.08897576821017798,0.0001633727930975242
field_out,-0.2637394298925701,-0.22160247081159715,-0.16122551562843232,-0.29825892938726817,-0.24115308642701686,-0.17840154435927977,-0.3596440349573778,-0.29128263814017236,-0.2110918311278618,-0.4822488772112032,-0.3963102373759816,-0.3004340576986726
single,0.4791281430806311,0.5046716781543864,0.5710493746191944,0.4458321719289984,0.47898847849633996,0.5445303041973028,0.3659977953821791,0.43051715167048465,0.5027341514126469,0.31954261071186846,0.3383686637653399,0.4079791679354236
double,0.7768650900715671,0.7905492295755606,0.8684318754677711,0.7405028737739072,0.7663281346311115,0.844274701636962,0.6582889546380151,0.7109134719747392,0.783698377960656,0.6388351462816905,0.6190601504266632,0.7165604512608367
triple,1.0612663330983512,1.0740994367231216,1.1556995502584897,1.0060249501101362,1.0447718912862842,1.1623781526422143,0.9161628226123343,0.946591878884298,1.0772624604802166,0.5905994543689833,0.7626842363138835,0.9419757659684077
home_run,1.3924887545261404,1.4307376861811536,1.511113104138518,1.3547330968971794,1.408876213000374,1.4578011570211646,1.2731446801833723,1.3362072780922816,1.4157848569271445,1.238998151036098,1.2454563793891849,1.3056056961334033
